Title,Date,Permalink,Categories,"WPML Language Code"
"[Template] Product Reviews Template",2023-06-07,https://nchc.org/health/single-reviews-template/,Health,en
"[Template] Brand Reviews Template",2023-08-13,https://nchc.org/health/eye/template-brand-reviews-template/,"Health>Eye Health",en
"[Template] Product Reviews Template",1970-01-01,https://nchc.org/?post_type=single_reviews&p=10679,Health,en
"[Template] Product Reviews Template - DE",2023-08-15,https://nchc.org/de/health-de/template-product-reviews-template/,Health,de
"Liba Kapseln Erfahrungen – Test, Bewertung &amp; Kaufberatung [Year]",2023-07-03,https://nchc.org/de/schlankmacher/liba-kapseln/,Schlankmacher,de
"[Template] Product Reviews Template",2023-07-03,https://nchc.org/?post_type=single_reviews&p=10866,Health,en
"KetoXplode Fruchtgummis Erfahrungen – Test &amp; Kaufen [Year]",2023-09-08,https://nchc.org/de/schlankmacher/ketoxplode-fruchtgummis-erfahrungen/,Schlankmacher,de
"[Template] Product Reviews Template",2023-09-08,https://nchc.org/?post_type=single_reviews&p=10875,Health,en
"Diaetoxil Erfahrungen [Year] – Test, Bewertungen & Vergleich",2023-09-12,https://nchc.org/de/schlankmacher/diaetoxil-erfahrungen/,Schlankmacher,de
"[Template] Product Reviews Template",2023-09-12,https://nchc.org/?post_type=single_reviews&p=10974,Health,en
"C+ Test, Erfahrungen, Bewertung &amp; Kaufberatung [Year]",2023-09-12,https://nchc.org/de/potenzmittel/c-plus-test/,Potenzmittel,de
"[Template] Product Reviews Template",2023-09-12,https://nchc.org/?post_type=single_reviews&p=10977,Health,en
"TestoPrime Erfahrungen, Test [Year] – Das beste Potenzmittel?",2023-09-12,https://nchc.org/de/potenzmittel/testoprime-erfahrungen/,Potenzmittel,de
"[Template] Product Reviews Template",2023-09-12,https://nchc.org/?post_type=single_reviews&p=10982,Health,en
"Diaetostat Kaufen [Year] - Bewertung, Test & Erfahrungen",2023-09-14,https://nchc.org/de/schlankmacher/diaetostat/,Schlankmacher,de
"[Template] Product Reviews Template",2023-09-14,https://nchc.org/?post_type=single_reviews&p=10991,Health,en
"Unbloat Reviews [Year]: Does This Debloat Pill Really Work?",2023-09-07,https://nchc.org/health/digestion/unbloat-reviews/,Health>Digestion,en
"PhenQ Reviews: Does This Diet Pill Really Work For Weight Loss In [Year]?",2023-09-09,https://nchc.org/nutrition/weight-management/phenq-reviews/,"Nutrition>Weight Management",en
"Leanbean Reviews: Effectiveness, Benefits, Side Effects & How To Take It In [Year]",2023-09-06,https://nchc.org/nutrition/weight-management/leanbean-reviews/,"Nutrition>Weight Management",en
"Skald Reviews: Does This Fat Burner Actually Work For Weight Loss In [Year]",2023-09-12,https://nchc.org/nutrition/weight-management/skald-reviews/,"Nutrition>Weight Management",en
"LB Slimming Gummies [Year] - Erfahrungen, Test, Bewertung &amp; Kauf",2023-09-07,https://nchc.org/de/schlankmacher/lb-slimming-gummies/,Schlankmacher,de
"[Template] Product Reviews Template",2023-09-07,https://nchc.org/?post_type=single_reviews&p=11654,Health,en
"CBDfx Review: Pros, Cons & Best Products In [Year]",1970-01-01,https://nchc.org/?post_type=single_reviews&p=12479,Health,en
